,Adview
0,3.14053766594839
1,1.4513391023070281
2,1.786162953857565
3,3.795571578465123
4,1.6546875326147878
5,2.393014466613711
6,1.5992457134183553
7,1.9289944832249697
8,1.6571957679331928
9,2.627182171529294
10,3.0331876748250957
11,2.674802955722013
12,1.8723556968368344
13,3.7065251366781284
14,2.222992875384203
15,1.6002674402663781
16,1.8572850659468831
17,1.9642936910818833
18,1.5970359414676027
19,3.5532957070592968
20,1.974304168415936
21,1.9759257528488976
22,4.5489989923847824
23,2.02888919048303
24,1.6334499462860554
25,2.9889305076472734
26,3.178795586430218
27,1.484758914495186
28,2.0497520252990897
29,2.2490885622824583
30,2.4410371314523793
31,3.238396325486194
32,2.7132407923340627
33,2.4072701990318057
34,2.0845417081559763
35,2.7092106411817074
36,1.227526692825449
37,3.1137318108956875
38,3.622055919964126
39,1.7883736951853835
40,1.6073564352788017
41,2.6847407189336
42,3.1360229178321832
43,1.3926470926174899
44,1.7168230642628242
45,1.4526475644457053
46,3.350157241444858
47,3.888547865459066
48,2.4832609405550707
49,2.1260406827351646
50,1.8576510078793382
51,1.8285206877454816
52,2.3504459471629144
53,2.762261834686461
54,1.3840048100359472
55,3.4994534111947195
56,3.3884552045316734
57,4.504128523073855
58,1.4175770809480994
59,2.4405075635100215
60,1.6658851934356818
61,1.137205099129757
62,2.8834410415882905
63,3.028835646057402
64,1.4913058906808734
65,1.4058755070760838
66,1.444401042061764
67,2.0131250966079715
68,2.915100008584308
69,1.2757681948565671
70,0.9633394162659772
71,4.3934982398909
72,2.103544251465152
73,1.9512073618785175
74,2.409278347851237
75,1.3829037576571956
76,1.9266593427054617
77,1.6077349132383825
78,1.794715604576694
79,1.523015169126773
80,2.441650966438865
81,1.5027881527133489
82,2.7368862150586697
83,2.3915652221305823
84,2.379309521203467
85,2.844921131766576
86,2.8757483305820286
87,2.8232060343521495
88,1.7969617109850755
89,1.7647533895070024
90,1.3602267222861526
91,1.9977668784282345
92,1.2770052120827382
93,2.115713920482624
94,1.0579802620346608
95,1.7839125743111994
96,1.399972674030251
97,3.4398287534240604
98,2.0039866747794934
99,1.9024054784656594
100,10.542189362920201
101,2.907650521847758
102,1.9945206395066102
103,3.034826083920296
104,2.393512822688817
105,3.385647132164871
106,3.5225542438977584
107,1.5350959985098485
108,2.3794309654875514
109,1.801491253893188
110,3.491256452423997
111,1.4585138313013384
112,1.8711348295591992
113,2.0351132157333494
114,1.794489847888975
115,1.0884011912898286
116,3.841917143308839
117,2.8035103470215543
118,1.790464205559684
119,1.2568395067670786
120,2.0104232651545835
121,3.4422020701802474
122,1.522970774440996
123,2.135576958587965
124,1.8075498842267017
125,3.128975255267489
126,2.2178195268555596
127,1.502073702973643
128,3.6321493357201455
129,1.6906685527115806
130,9.714973240415413
131,1.1481462036769163
132,4.123551369198873
133,1.87412316164399
134,6.014553373338908
135,6.348552575643647
136,1.2455331534453933
137,2.8902613962257324
138,4.0878278266857775
139,2.796797763217131
140,3.6723865249435512
141,2.782156151070132
142,2.354693119564353
143,1.8219726076182663
144,2.8576112872193375
145,1.3017483687011784
146,1.2476344744069783
147,1.2320583775889853
148,2.4383663849649846
149,3.1867725625567873
150,2.0440515054373387
151,1.7313326031728193
152,2.640512298482533
153,3.0476838548350313
154,1.8106888023549925
155,1.3895373755491396
156,1.7257405629175344
157,1.428505889229597
158,9.07039625087784
159,7.2255309540982005
160,1.851400284190404
161,1.126810805979011
162,2.3281323033566648
163,2.3584375726908835
164,3.044360106335779
165,2.080060137519365
166,1.9063319065501958
167,1.5800693303744293
168,1.8819956731076544
169,2.1891487288494798
170,1.6204120536969846
171,1.7158191117263586
172,2.782903871489679
173,1.6971466555435217
174,1.2648362290013397
175,2.8805292918505505
176,3.645181605482031
177,2.4324015133847587
178,2.222929451357387
179,2.01494929378742
180,2.0487913419347206
181,1.908960816532932
182,1.6146984972031677
183,1.6491260505305543
184,1.7103328492096577
185,2.0967898959769107
186,4.783856830391361
187,1.9201922436531513
188,1.3924100472030858
189,2.643561666112601
190,1.7090417835003073
191,1.8288494904510726
192,1.4488169317496817
193,1.5588218914619758
194,0.9685298806342577
195,1.6289066318410734
196,1.7181215125002098
197,2.050735973483726
198,1.562793881465129
199,2.4530529852876044
200,2.4497219493432576
201,3.4800344132754906
202,1.9420293438517928
203,2.5107282466192835
204,2.7417037609286754
205,1.2215345297547324
206,2.9301377288453736
207,2.368886976199715
208,2.0869005873298665
209,1.9732902989867722
210,2.174391461027516
211,2.381168616751876
212,1.103893886046188
213,2.282382667623795
214,2.570067192980305
215,2.0933426840178204
216,1.4263931184384067
217,3.1163456831412177
218,1.4724448715219818
219,3.684562715614317
220,2.0214878671240606
221,2.7155417781072355
222,2.5389660512638126
223,1.1538515826472613
224,2.8638853513945275
225,1.4687227843745774
226,1.1895362209997613
227,1.7468956057795664
228,3.3580517009612176
229,2.8747259145158406
230,2.24015389464483
231,1.8618452798044123
232,4.032056826436393
233,1.38134400217189
234,3.7915475433181802
235,6.216240692479403
236,3.649281113215451
237,2.906853900250446
238,1.3717942425961493
239,1.394732238254969
240,2.0716371238588853
241,2.515718670943767
242,1.4127585471765067
243,1.93396433624376
244,1.6213867287590282
245,1.3844543552926671
246,1.8105655169481771
247,2.2137328517771553
248,2.0620123069521545
249,2.3665007211267186
250,1.6588560930528478
251,1.4804958136560034
252,2.3244893426065873
253,11.033581936226806
254,2.202789136278436
255,2.0351227895982364
256,1.806882882110201
257,2.070651135992956
258,2.2381155102317494
259,2.3240440548201104
260,1.3651757321523799
261,1.4467501057369831
262,1.7591779437860922
263,2.096997998953661
264,3.5217576718598607
265,1.9529952611845989
266,2.0929693304972403
267,2.7160552232187367
268,1.527307417999713
269,2.7929364322276604
270,1.9463675054538445
271,3.350417384439133
272,1.8388903889098422
273,1.4496289075682935
274,2.07306777391375
275,1.364110147860748
276,2.3593420904321123
277,1.580828445120427
278,2.013238397483562
279,2.879377953403146
280,3.3372018808135193
281,2.7343798703494753
282,1.7241922051362937
283,1.762393358408168
284,1.2192873000052808
285,2.022111354022998
286,1.6480642553195777
287,1.4349921529105722
288,2.078277470692112
289,2.9958881580789276
290,1.8254548789239828
291,4.311453192737309
292,1.0804484423061373
293,2.3470856494555576
294,1.6661587439565757
295,2.997118938808586
296,2.045230825406504
297,2.3715642463288504
298,3.3947008248376003
299,1.4110283995329742
300,2.588582425803641
301,1.9440416174477517
302,1.781088778036634
303,1.8761113198887487
304,3.2881880517176345
305,1.6911671538933124
306,1.3582465657764242
307,2.1337572992857687
308,2.4893425996502
309,1.923442753089075
310,1.2524636514331067
311,1.980387403880335
312,1.3919188239412563
313,1.434166939733941
314,1.7204628537908238
315,2.836192713475219
316,1.5395221565196826
317,1.5540815427278194
318,1.491424331846824
319,3.4743086617614556
320,2.6491869684786655
321,2.1245739040900586
322,12.13480263764053
323,3.4761105440503393
324,1.6683588878144788
325,2.671543044498119
326,2.1537122911287345
327,3.0982915492124294
328,5.352747325726279
329,2.192895683511966
330,1.9551488586768966
331,1.321426987547739
332,1.8515983915512064
333,0.95437867169417
334,8.948065327670703
335,2.659065942364594
336,1.5029404507251467
337,1.950669881399663
338,1.3162127350238193
339,1.9535306859479733
340,6.962930690505431
341,5.718215250783384
342,2.267293407096875
343,2.2731667473964703
344,1.4816816694070587
345,2.174884991195219
346,1.6341693251714804
347,2.1196405054453984
348,2.384737559393014
349,1.4812728480156743
350,2.000601843409521
351,1.6897326858353128
352,1.5926038117626509
353,1.6338061086777937
354,1.2781934902397465
355,1.7637901855265414
356,1.4912600579864195
357,2.4599259124372943
358,2.744991603761031
359,1.8118079498291293
360,2.0106062278281613
361,1.7877634684482246
362,1.9256611376619759
363,1.4128496522279002
364,1.5167932954543502
365,1.381433236898941
366,2.8726934528414323
367,1.4372123330227258
368,2.1799195976206445
369,1.2915076936445729
370,1.9780633297669503
371,3.578889018105962
372,2.660402291042036
373,1.1162574254595687
374,1.2813352681940602
375,2.7580436605810887
376,3.499541309679542
377,3.9536501632878083
378,5.635685121212905
379,1.8524452399897615
380,7.1508202834379
381,2.1473756720559094
382,2.0609467498112672
383,1.1955974899795767
384,1.8218732061916247
385,2.4026513083493892
386,1.403475783371321
387,3.6577017637736686
388,1.664299817962969
389,3.127134070049208
390,2.0557610291271566
391,1.6520570371351415
392,1.4648804897250733
393,2.354520992163781
394,1.2576222098205398
395,3.6705685817004863
396,3.4811120438901244
397,1.4137560185056222
398,1.7631440412291592
399,2.531495970190139
400,2.7391556937925507
401,1.2958523437446328
402,2.092656345994463
403,3.6748124400400703
404,2.3874747853990694
405,3.57483202144669
406,2.6563115958630417
407,2.375625577461954
408,2.420342416192044
409,1.230157811688608
410,1.457290895965914
411,3.5136834413317
412,2.477650189664274
413,2.171331348418387
414,1.5853871825321568
415,1.6451680686333274
416,1.6723613922256728
417,1.3030829764509329
418,3.9149050440516953
419,2.505304862421884
420,1.9704771590852141
421,3.503306012187641
422,1.8072900019555598
423,1.776596887554354
424,2.225414330669135
425,1.3147904573634563
426,1.5280633067183467
427,2.254134707017717
428,1.6765451390865889
429,1.6046169446073395
430,1.6423095258776048
431,2.032278910408815
432,2.0903093489812794
433,4.415037262347596
434,1.8398827419460637
435,3.2033586410639385
436,1.5472613123297825
437,2.6663834040210395
438,1.6255410548502862
439,2.225746657923033
440,1.8029572766947348
441,1.1900667472768083
442,1.7784066960541811
443,1.7449918924563987
444,2.604100469082744
445,1.375420583560158
446,1.682378596222276
447,2.237427920568365
448,7.324627707428119
449,2.1131474299127246
450,1.8751060122384045
451,4.574318372108928
452,4.140400902276299
453,2.3576091032066255
454,1.4006613541096142
455,1.8266996210605884
456,2.0269005882451925
457,5.684922702392231
458,2.919308314825705
459,1.794038890691494
460,1.8746850038181362
461,2.3423453527416713
462,3.783336475968877
463,2.089671315392187
464,1.1717298144971517
465,1.36391148144234
466,2.4187776196450725
467,1.7715428559071562
468,1.8539570913655274
469,1.5632588118049102
470,3.3101389743341603
471,3.1777313303296357
472,1.7682569988142787
473,3.0821476089151485
474,2.2116156798302207
475,2.0020552047696207
476,1.52986822684957
477,2.8164081755747055
478,1.3785091856032003
479,1.6258596302011732
480,1.706325347453388
481,1.8001856389897597
482,2.571123787610472
483,6.679721507149559
484,1.3553316262309945
485,2.1559639646738966
486,1.501889507828991
487,1.7356636691452356
488,1.4080180748180207
489,1.6123491346229408
490,2.1281075288122575
491,1.8010623852766
492,3.037025661089019
493,1.716664910655415
494,2.4915979028618387
495,4.166222996419808
496,2.939675222485164
497,3.7306107231021195
498,2.255227517220583
499,1.3495864167889902
500,2.1554713213595136
501,2.1494148022752664
502,1.5537226239363664
503,6.908734070365073
504,2.041336668726106
505,1.6052070383252823
506,1.9947936955482553
507,1.5915830442545116
508,2.13808648074936
509,1.7199675136860184
510,1.5174781033914353
511,2.383145475798628
512,3.6638056877364753
513,1.1769815161102803
514,2.764481468363096
515,4.220586078865667
516,1.5516699311676165
517,1.1389756983121497
518,1.333270931064944
519,3.0999031825980987
520,1.5426636546078134
521,1.8792566590132136
522,1.2023127861355976
523,2.921156226223554
524,1.6220341788769177
525,2.3752791731211067
526,1.5864011308217891
527,1.6628174006017673
528,1.4828892221089762
529,2.258742715438022
530,1.2708283422203182
531,1.4487611959884243
532,2.0019963746013407
533,2.6930269841700785
534,1.8875026080716268
535,1.6629442852079501
536,1.7829621505350444
537,2.255398245489935
538,1.728777589945132
539,1.414252905860422
540,1.7081383712905718
541,1.915145614615326
542,1.6886373449459309
543,0.9923191269819707
544,1.6091194252590817
545,5.204087051059762
546,2.0759730109144616
547,1.7323525703427365
548,4.717848721920088
549,2.310734949339709
550,1.850541097290645
551,1.333652274219355
552,2.4417236275460916
553,2.791251862097016
554,3.0096441283866526
555,1.9300560422712023
556,1.8858468968533177
557,1.9380586648535398
558,1.6057259189821393
559,5.0447414974541385
560,1.720176963074446
561,1.938979257644633
562,1.8917525791083591
563,1.4277785636184408
564,2.5061499458982923
565,3.1667635400923055
566,2.2465862907480196
567,1.9348418897751436
568,1.7870917140576208
569,3.0954808404015615
570,3.3936699619076336
571,1.861318213428846
572,2.0974131897692994
573,1.6039824938726546
574,1.8670602834789127
575,1.3296461076745865
576,3.695857512135478
577,1.300004463086573
578,1.2663548815885408
579,1.363924503792611
580,2.3522489849790285
581,2.142678338407389
582,3.825155507560904
583,2.0948055535303065
584,1.9388284991863793
585,2.8364519535068298
586,1.9066364254423915
587,3.5658777092074665
588,2.3317697008078198
589,1.4573646643784555
590,2.43946495852343
591,1.7029096049355528
592,1.9813588940655777
593,2.7531342321726426
594,6.597290643682235
595,2.6501349087705877
596,7.681209656910745
597,1.3830532552148989
598,1.8392875218694666
599,1.6833242611034682
600,1.5290957339155309
601,1.9248452516602066
602,1.8629388514234821
603,1.3771778782848045
604,4.847253772031461
605,1.7140452717631844
606,1.298185931773272
607,1.0164138981444202
608,1.5857005709089536
609,4.201318532168226
610,1.5677570649315173
611,1.6034980714646432
612,11.785773760956559
613,3.3701999146420203
614,2.062715873266659
615,1.3290794397385244
616,1.6018864705320333
617,3.436116145295685
618,4.89135362474068
619,1.6882727368988657
620,6.000908214757094
621,1.5545266553268307
622,5.014047501737896
623,1.6539119812406204
624,2.1136598669841065
625,4.388704163271781
626,1.6536600750622754
627,2.1953527533684376
628,2.5208485228903466
629,1.9204389214475934
630,2.2623201185503237
631,2.161499531137189
632,1.8695114966242294
633,2.0274819400670654
634,3.356407705681368
635,1.21092482883706
636,1.877897906723098
637,2.345597219058855
638,2.0182280501229526
639,4.342137135548562
640,1.3435790469046993
641,1.3430163735754999
642,3.680490737520926
643,3.477891225125109
644,1.6481631561377674
645,1.9117465028319043
646,4.055483838316568
647,1.8917108069210662
648,1.783902505630633
649,1.7475645296112892
650,1.5024689158207882
651,5.2332774412889425
652,3.6138213511208406
653,2.6240954083362307
654,3.547888576812938
655,3.216003308085052
656,1.7246312674585413
657,2.339672455806811
658,5.529157701562186
659,2.4705798622689477
660,1.8343917526095477
661,2.323554995275659
662,2.012335193738909
663,2.2925075437412787
664,1.7062374807924712
665,2.217006583121546
666,2.345119005838069
667,2.052283879394542
668,2.341842765969665
669,2.5126929455190443
670,15.395718415008364
671,1.9758261391888279
672,1.2559336137965593
673,3.0474805297727814
674,1.7083245661794617
675,1.9030646099175659
676,2.2440612917821636
677,1.8188075660815182
678,2.398906837297234
679,1.6125182353252923
680,1.7585120574997943
681,1.6191916881725006
682,2.8806876034785804
683,2.2347038679613016
684,1.7210483464261257
685,3.6514445663155586
686,3.56398007766229
687,1.2827241608349045
688,4.4362017458207035
689,2.7804687443084397
690,1.6177213486928506
691,1.6071614668789616
692,1.5116208165994158
693,1.3793399500473051
694,1.7959665380780472
695,5.028156583764275
696,1.604187801660233
697,1.4721142283954363
698,2.3663267390448652
699,1.8481426106036203
700,1.8686040884259472
701,1.7124643160545676
702,2.193828173772712
703,1.1873747687443459
704,1.5455994566019746
705,1.3793737841524187
706,3.5308862579425098
707,1.0920529550420075
708,1.3684559488946335
709,1.8753015394440573
710,8.541177484190307
711,2.1659417172478754
712,3.2704742559257953
713,1.3007416627493487
714,1.816801573464804
715,2.2930723168473026
716,4.700719856473
717,2.190341270323632
718,1.471676543617622
719,2.720586658670418
720,3.037683833011933
721,3.4907983823360116
722,1.5566936401573834
723,3.0655587639578012
724,1.3285218058258013
725,1.7292415382550903
726,3.253667163205603
727,1.7600522248813095
728,1.6044309822969107
729,2.505823236263894
730,1.9662524419434189
731,2.999027604481328
732,2.3786274918440666
733,1.1758352249763204
734,1.265623615188875
735,1.2970487129826713
736,2.3437731319561754
737,1.899554377663395
738,1.9247863367462807
739,1.8885486315465037
740,1.8573794852998682
741,2.0404152817064998
742,2.029282074401983
743,3.3636082716222604
744,1.8730616509004265
745,1.7513484310617191
746,1.626357095559459
747,3.1414949858938765
748,2.0150911894649037
749,1.80234535542865
750,1.3082521755149452
751,1.77144388703839
752,1.4129242875474282
753,1.1049300302411669
754,4.31350737746086
755,6.282329516320461
756,1.590479358627772
757,0.9254300585078574
758,3.202586522740581
759,1.6567534523860181
760,7.599480476458709
761,2.134326301325957
762,1.5360325396574046
763,1.1761770137253427
764,1.3901887095038017
765,2.881978938601856
766,1.8636692098751466
767,2.0906466772881416
768,1.939656412107086
769,1.3593907253216992
770,2.466335158132132
771,1.221424062839377
772,2.004847401285728
773,2.4100551906919514
774,1.6335091002055757
775,4.10400702146556
776,1.592321105863907
777,1.3301355425296948
778,1.5736347775235462
779,1.2844128650103257
780,1.5962886726412255
781,2.465886694382845
782,2.43675277036154
783,1.2274013167116467
784,2.119727980726171
785,2.3261693933229273
786,1.4854733864330751
787,1.865253997647696
788,1.6411810376252065
789,1.427719585924683
790,4.7327209560974035
791,1.6379755639855287
792,1.5750394256909597
793,1.8394095910602835
794,1.7786558577118967
795,1.51573305863842
796,1.4680652068905526
797,1.602786271478703
798,2.1151773779748932
799,2.2564434948718066
800,2.302669172674665
801,2.36982255415185
802,1.9203136994733465
803,1.6673770202007243
804,2.0465557692636063
805,1.8186622681173645
806,1.7765888680772501
807,4.158568515426479
808,1.099135567463228
809,1.7397982283251885
810,1.3743872281973304
811,1.6236503455993547
812,1.812359099413698
813,2.0494496166651004
814,2.3342161212082018
815,1.5696334319186955
816,3.2073891764677316
817,2.5288793345495426
818,2.0337309365757004
819,1.818751503548493
820,2.3038953338809
821,1.4056419108919775
822,2.0851134484876663
823,1.5725437813874592
824,2.403291989092763
825,3.5202360608418335
826,2.3071819047636937
827,2.7153695348214906
828,1.079820537131395
829,2.7742521380357394
830,1.6660869799806566
831,3.4345416618690994
832,2.013305458203843
833,2.5128907574964794
834,3.842941224880337
835,1.4275322378137232
836,2.4346005247591673
837,1.5765613687779558
838,1.776338110465297
839,2.1718730445973966
840,2.8105542995245236
841,2.5052844848969085
842,3.2057016426076257
843,6.159827629750446
844,2.7091143463086853
845,1.7224313847903463
846,3.0086608683132536
847,1.162003920041867
848,2.4392829023807345
849,2.1234725133687427
850,1.6659258613395318
851,2.136823576610153
852,6.801732011452717
853,4.126886212460177
854,1.5882809665318522
855,2.0075744586975315
856,6.783596599933096
857,2.7178665468249097
858,1.380431640758556
859,1.7092496845283778
860,1.8999925977505243
861,1.366762391781879
862,1.8728523135241564
863,3.630194210763075
864,1.7881493026904764
865,1.7801232423509377
866,4.099386155752593
867,4.775083219599804
868,6.225436380759286
869,1.1183111507421182
870,2.342989395709234
871,1.424673680866897
872,1.4125871336487743
873,4.40805628888533
874,3.2623108311632447
875,1.152676613050846
876,1.460884551821866
877,1.495126477613081
878,2.329155602781581
879,2.5173670454718606
880,2.890844959418011
881,1.6607516912342724
882,3.171093798311799
883,2.8864577405799796
884,1.878059387582828
885,2.3468761020274633
886,1.1583738835843858
887,1.8675476452141753
888,0.9983481802333076
889,2.4784225414577934
890,1.463817750877478
891,3.6236243239213692
892,1.8505358577583937
893,2.247274739807471
894,1.7396986433726922
895,1.0370342119076912
896,3.274350545004984
897,2.597123883571912
898,1.4902756817703682
899,7.64114550479081
900,1.6303846443023806
901,3.173278974582149
902,3.2093305126269516
903,1.223931800181945
904,1.7612766436246399
905,6.041663537787718
906,1.426224873517894
907,3.4109733882865636
908,3.942612274885144
909,4.643273013187261
910,1.4109566984003568
911,1.6982435194917276
912,1.7540071134379263
913,2.0259241462978315
914,1.449201881280231
915,3.360468415504436
916,2.027810628036651
917,2.373625790106551
918,2.0171168321755517
919,3.69901184506916
920,1.3319939966878056
921,1.5970642912665882
922,3.089598156126706
923,1.3248923998031834
924,0.8394869367405664
925,1.4292352245110593
926,1.3220698915880398
927,0.9784816291225011
928,1.8074425203301767
929,1.9027479303077826
930,3.223022010558762
931,3.1319915046392195
932,2.0474112473851775
933,2.0227004326654745
934,5.999617956333603
935,1.6001444490636525
936,1.6680278327913864
937,2.815180791655637
938,2.0079277712081787
939,2.232407304241771
940,2.061148857308002
941,2.980799862824032
942,1.2101054741214996
943,1.7264082778513865
944,4.866758948889128
945,2.1534474156372894
946,2.1005883001077956
947,1.60513746324754
948,1.4585962593084816
949,6.553776116581358
950,4.141543935102954
951,2.732261047430374
952,1.738312049555086
953,3.9281348807048975
954,1.6320150682926817
955,4.435219632117322
956,4.641612723824903
957,2.5710125028671147
958,1.47556215917234
959,1.516368629369776
960,1.8678625716390984
961,1.5560984218762175
962,1.4131472084354124
963,3.4151011496296952
964,3.5579148947353505
965,1.4658663839359716
966,2.40747919041305
967,5.801231951930317
968,2.649397766506331
969,2.2023359783213556
970,1.8249721571197979
971,1.4777568814826414
972,2.1436616478869692
973,3.1775960054768113
974,1.4998262990311881
975,1.2179464747476672
976,3.4622706736619167
977,2.270750960234639
978,1.9642056671080557
979,1.5592498253083273
980,1.3857736444726725
981,1.5683212862432643
982,3.824898490068559
983,1.4183155049886422
984,1.4724268594460308
985,1.5058839730010556
986,1.9939439187228674
987,3.0025228099907375
988,2.150251930100727
989,2.0216358322958987
990,5.159363704063943
991,1.478130360791426
992,3.1742381859830093
993,1.7950656508397866
994,1.9425600316837128
995,12.60593141698624
996,1.4876598028825823
997,1.6692834679836304
998,1.9584590024674227
999,2.173065734508496
1000,4.22955875756014
1001,1.2403270640011972
1002,1.457139737117458
1003,1.5172059220625884
1004,1.8883120172923646
1005,1.9458056515140012
1006,2.262322820824391
1007,1.4909026526155933
1008,2.2438791463135983
1009,1.6538039898442352
1010,2.0550410166521846
1011,1.7328268936172049
1012,2.3757857217598772
1013,2.11411951762641
1014,1.9720175842378909
1015,1.2339009581909761
1016,2.647899057353696
1017,2.6110362826962055
1018,2.218417805622452
1019,1.7390337710115178
1020,1.6799336045743702
1021,2.232814353563631
1022,2.9069982532775285
1023,1.9110762850539613
1024,1.9975272974792253
1025,1.6618864753512796
1026,2.3606095321606855
1027,1.2585528489515667
1028,1.4259878610053276
1029,3.8421406643808758
1030,2.6336051881835925
1031,1.68508721386214
1032,1.3819929804960163
1033,1.2173686759321152
1034,1.765066278149966
1035,15.963681459110441
1036,1.8417361765583156
1037,1.5392338047565937
1038,5.039119811799414
1039,1.499554025069907
1040,4.936368235104842
1041,1.4626564663998887
1042,1.524210340248315
1043,1.7260973135664008
1044,1.8897045951956222
1045,1.6183320076227456
1046,1.4521262367658632
1047,0.9915307368343058
1048,1.9403696845485254
1049,12.85372186426395
1050,1.5951130629083685
1051,2.275097672945141
1052,3.5061026271600886
1053,4.248660893948747
1054,3.2310463968999743
1055,1.3356920915903223
1056,2.367553878018271
1057,1.5638780458466481
1058,3.7697782423523893
1059,2.6399889335069386
1060,1.7364659498791517
1061,3.9556084505977975
1062,1.5214056231899453
1063,2.8831864574788715
1064,6.053067364919815
1065,2.0041737188992275
1066,1.5490605365847174
1067,1.6052670097383424
1068,2.4519351194836627
1069,1.8972460120640333
1070,2.0412862624456496
1071,3.413612424972828
1072,2.957212537198819
1073,1.4813873907294046
1074,3.0757865590702353
1075,1.092380312540054
1076,8.39887584779017
1077,1.8716390508267622
1078,3.0012867154073226
1079,3.047087333576859
1080,1.3007972085367803
1081,2.028016776432184
1082,2.314379999848466
1083,1.5585602125965632
1084,1.4040208990542427
1085,1.6537159943749837
1086,1.7522752104692247
1087,1.241384090654133
1088,1.301566641226793
1089,4.91416889488918
1090,2.4391110305641193
1091,2.0424817798442327
1092,3.0329545152017987
1093,1.8106612416596748
1094,1.2043061185904211
1095,1.4353918204106035
1096,1.7865382610000724
1097,1.6245160935511576
1098,5.858031304423465
1099,4.228925629140665
1100,3.006441389883286
1101,1.976392576218365
1102,1.963098518701787
1103,2.48656667109167
1104,2.9681737137928725
1105,2.092385907167131
1106,1.3576219000389758
1107,2.0401904001061
1108,1.8347106789123049
1109,2.400990384541843
1110,3.990191008524382
1111,3.6993524259563504
1112,2.551860907114059
1113,2.1568664430980475
1114,2.677356599091353
1115,4.705679899394975
1116,2.0370484430076625
1117,1.156139994441303
1118,1.1495287651484574
1119,4.147103660070337
1120,1.7691842819213988
1121,1.997518215442155
1122,1.423480547015594
1123,2.4532892560808826
1124,1.8423407088344501
1125,1.5531430236146315
1126,3.5582899943509627
1127,1.484357838912638
1128,1.8065789041775149
1129,2.959260522339246
1130,2.4722546132970806
1131,1.7355028968384545
1132,1.5615788940528477
1133,2.2243499465565177
1134,3.6247680059333707
1135,2.653258861862596
1136,8.181661291171674
1137,2.927507618894002
1138,1.195422255623799
1139,1.2534728077796107
1140,1.1025099504519096
1141,1.2471220218105565
1142,3.0962707597888954
1143,6.502800512365239
1144,3.383634719445114
1145,1.6903026481874712
1146,2.313473597400631
1147,1.546263585736103
1148,1.5724074544997437
1149,1.102649996211214
1150,1.6836008381689964
1151,1.8040832897352357
1152,1.4974302458848798
1153,2.109124055042732
1154,1.6957851852488235
1155,1.6055009689409299
1156,1.6532391880113513
1157,1.817576858036054
1158,1.0084577995432096
1159,1.2424665020427232
1160,3.2264039956573773
1161,1.596673967291602
1162,1.6046722369502189
1163,8.036966865808171
1164,3.024098252091747
1165,1.428413587998794
1166,1.2610189977202568
1167,1.5802304365252295
1168,2.4244575770252728
1169,1.78468784229502
1170,2.634932736662854
1171,2.2111310715605885
1172,1.6137600149000124
1173,2.0817561674868994
1174,1.3036030397783664
1175,1.618164849285163
1176,2.74740005108307
1177,1.3878013594037284
1178,2.904648880002356
1179,1.450263100782036
1180,1.5488680621665138
1181,2.0194537007727407
1182,1.7750156920450484
1183,2.7910885531014777
1184,1.819243723132406
1185,2.2628260292737505
1186,2.173826955353222
1187,1.5194563350960402
1188,13.600514063402533
1189,2.482698799939432
1190,2.1461861882495787
1191,2.06964016886271
1192,1.5574789867913306
1193,2.254657466957566
1194,3.156329489734599
1195,1.3323383928200778
1196,5.2768383680668185
1197,4.193485193879635
1198,2.604332099065159
1199,2.664538037287976
1200,1.6319365960079177
1201,1.4959381918219483
1202,7.586309440814597
1203,1.8883990208748271
1204,6.853584749437189
1205,2.059965067098604
1206,2.87416791302971
1207,2.7547135517968684
1208,1.9159382295556908
1209,3.0962006559124773
1210,1.5841672014138997
1211,1.410131462322971
1212,2.0623983708735976
1213,1.4751787780058458
1214,2.8729580192392055
1215,2.1470114944133774
1216,2.203768234393347
1217,3.706641123763198
1218,2.152626542786178
1219,1.3357716960904757
1220,2.3317869901437596
1221,2.7224764896067657
1222,1.7817072227909536
1223,1.7839657664101467
1224,1.007239226667982
1225,1.7715945279947167
1226,1.4721891075299114
1227,1.4864272051197926
1228,2.082640736679303
1229,1.7981025457354098
1230,6.922181021307265
1231,2.069584128805297
1232,1.6474558257318406
1233,1.5118340428716563
1234,2.1940541712113686
1235,1.5363519672473491
1236,1.7485966279423966
1237,1.634520447932648
1238,1.8429365302282792
1239,1.5232331266421113
1240,2.605146289648762
1241,2.2385935899350233
1242,1.809722620880326
1243,3.7737051820339684
1244,3.301330995730701
1245,1.7609713176751751
1246,3.3918652832419136
1247,2.2712546724711724
1248,2.4741730661003443
1249,2.1053609297330693
1250,2.8289523819071203
1251,1.4725839010163269
1252,2.2078055557798364
1253,3.69121250147334
1254,1.3831070751129946
1255,2.27080798476959
1256,1.4018449835403066
1257,1.7962285838746905
1258,1.5545436769395895
1259,1.5232266613156342
1260,2.106049524731766
1261,3.56438361447306
1262,2.852433211080127
1263,3.9976656328073323
1264,2.3958072513363624
1265,2.788659337502356
1266,2.9822377179307944
1267,1.8380985171382864
1268,1.5781020341701613
1269,1.711089676990948
1270,1.1333775158095027
1271,2.2235644811056736
1272,1.5894665097791485
1273,1.493392076951808
1274,1.779407791139657
1275,3.845018622258282
1276,1.7656586499722828
1277,2.1046462487157602
1278,2.2702501054894926
1279,4.280033423526797
1280,2.9849317556261084
1281,3.179674537115383
1282,2.947247198342435
1283,3.9816590392188442
1284,1.5967437695761144
1285,6.806461289980758
1286,1.588154347996142
1287,2.1335461437947876
1288,2.052242278150432
1289,2.4573980762351626
1290,2.32983850159275
1291,5.488518883438738
1292,1.4536645387861338
1293,1.3491545598841022
1294,1.724304809570836
1295,1.2378326534459987
1296,1.9941308981616348
1297,1.8982837288849685
1298,1.6571409522014058
1299,2.027479595062739
1300,1.2659443483631407
1301,1.5805731239997391
1302,1.7856530864905265
1303,1.6461181537447571
1304,2.8774578526522325
1305,1.4194576631628917
1306,7.1111882566347
1307,1.9590234516820082
1308,1.5825529092735668
1309,3.7368708932485752
1310,3.695902725095987
1311,4.1701995666261755
1312,1.4739776322386335
1313,1.2707400737885877
1314,1.8889232582475077
1315,2.296077055014007
1316,1.5145999754273138
1317,2.231867348705595
1318,2.2393327925834887
1319,2.525675895543497
1320,3.1069615710906926
1321,5.234152711670102
1322,1.7402033395117469
1323,1.787667771032773
1324,2.3447962684698362
1325,1.9432416023874621
1326,1.3433026832894919
1327,1.992935535239429
1328,1.7648655165592517
1329,1.4101178524882598
1330,1.8982749029884889
1331,3.533792121863367
1332,1.3811781403684946
1333,1.8488818329048828
1334,2.0355685872661997
1335,1.6947560773550734
1336,1.863371786773654
1337,1.6672002984880403
1338,2.446663186503034
1339,1.8483146760863125
1340,5.57017293516409
1341,2.4273861307724838
1342,1.4237396394941202
1343,1.9474305733038821
1344,2.789847191720931
1345,1.8901914209104165
1346,2.084281177465797
1347,4.003361392700704
1348,2.256449505714221
1349,2.5368723111160305
1350,0.9958625205657683
1351,2.3415203517932115
1352,2.2142255073968853
1353,2.32821760814488
1354,2.831197762545025
1355,2.7079650066314542
1356,1.8242929495303923
1357,2.4582051273631187
1358,1.2581412000126284
1359,5.484733377225698
1360,1.7502844116344185
1361,1.6719324919097855
1362,2.2159443223139657
1363,3.7303452225985465
1364,1.2201551479624233
1365,1.988287644316672
1366,2.3871832290943553
1367,1.6105787625073806
1368,2.007193899446079
1369,2.038037894044715
1370,2.398218633566948
1371,2.1462806565739987
1372,2.3553506349457685
1373,3.7362363980810183
1374,1.2272020323948114
1375,1.5865607128860288
1376,3.2006052587567115
1377,1.6844539530724156
1378,2.733683039170284
1379,3.956523056258595
1380,3.5127011968411583
1381,1.767730774670757
1382,2.436843237433594
1383,3.2967886257584924
1384,4.149551746023588
1385,1.7101199141438257
1386,2.8239257051326514
1387,1.520834238234288
1388,3.4418789160700296
1389,2.046914626290316
1390,2.0916036256109214
1391,2.3793939112681106
1392,4.3419723942517034
1393,4.814222452958239
1394,3.4029850366076637
1395,2.6221826508667077
1396,3.7484238965310928
1397,2.257549543892151
1398,6.224735994184442
1399,1.9078456122222625
1400,1.8819755058724157
1401,2.673021281838458
1402,1.4012714518640759
1403,2.2053664190690974
1404,1.2413870560163203
1405,3.826632189859339
1406,1.6185565491627996
1407,1.4144500284603503
1408,1.5525540612643043
1409,3.0925196289667034
1410,2.2002599146104
1411,1.5833624080623319
1412,2.14780008135538
1413,1.8190484256777641
1414,1.9959632808047885
1415,3.176407616741697
1416,1.3994802427518385
1417,4.741243028113415
1418,1.940821843186059
1419,1.0466915565823687
1420,1.9293639751709248
1421,1.4950296579795341
1422,1.528627878073923
1423,1.77227419091086
1424,1.7116587825563312
1425,2.7274955784936843
1426,1.4506223522889607
1427,1.8791094850967411
1428,2.1263653170405163
1429,1.5366215669549574
1430,1.7916304958473503
1431,1.6455968937002632
1432,2.2250680684496533
1433,1.528324577993243
1434,0.9318505227062515
1435,1.4438872642874798
1436,3.5354116509276086
1437,1.5180804660862242
1438,1.7441214743588807
1439,4.30861200344079
1440,3.1506285280277897
1441,2.0865850216312154
1442,2.9531016288002228
1443,1.8986166372385596
1444,6.289361442521356
1445,1.4264964885748945
1446,12.60887190275124
1447,4.261735876026797
1448,3.465092101184336
1449,1.8681384320217909
1450,2.492814906603986
1451,1.6870467114341496
1452,1.0357621955638594
1453,1.5941801882111113
1454,1.5419177601295813
1455,1.8938744358188802
1456,1.8429025053130308
1457,2.2254923074353243
1458,1.9734845026830854
1459,1.8321546702287328
1460,1.6747266565696606
1461,1.8712883545772465
1462,3.533193692818055
1463,1.738127450646827
1464,1.1136509809542674
1465,1.4571224641142548
1466,2.2803692235059936
1467,2.116317714780177
1468,1.6711706607164045
1469,1.8148302818383186
1470,1.3481151846636277
1471,1.2101518415385053
1472,2.2160850259163816
1473,1.610596706076653
1474,1.5882144137185885
1475,3.2010301494973876
1476,2.6094708868307857
1477,2.801417941349868
1478,3.6419975371047917
1479,2.197048358734184
1480,1.8376322763187294
1481,2.7052534054436492
1482,1.8710265457797268
1483,1.3934176371407605
1484,1.5770504449204201
1485,1.773600532649797
1486,1.4412034656183739
1487,1.8508215824965546
1488,4.410862210377296
1489,2.7331163194809864
1490,3.571278428147396
1491,1.5969599705787028
1492,1.8556292294260923
1493,3.377685921342079
1494,5.919995765002083
1495,3.0443722834703673
1496,2.344446145191846
1497,2.59049818225571
1498,1.7163881397360148
1499,3.3050482617473858
1500,1.4287416726663853
1501,3.320496140842557
1502,2.9855238011466962
1503,2.246311193961854
1504,3.6292825427222084
1505,1.5987846352402262
1506,7.967906936634593
1507,1.2347118879080212
1508,2.0460033712781738
1509,3.282853211280411
1510,2.691618912762938
1511,2.177171808414745
1512,2.3374655776192013
1513,1.6386183413790345
1514,1.5968540091645422
1515,1.8338082502365034
1516,3.81553362499821
1517,1.2906917900569208
1518,1.7531322605134534
1519,1.780311550331109
1520,2.03488870063944
1521,4.23226719753172
1522,1.427720945739514
1523,4.370138925743321
1524,1.5832048243466141
1525,3.104130459715101
1526,7.449756774592844
1527,1.9570714573579218
1528,1.6538001583346362
1529,1.7622160062242842
1530,3.07126022865604
1531,2.086437013600368
1532,1.850396238458987
1533,2.095093191725603
1534,1.8590676386203997
1535,1.8486737394644683
1536,1.562102672411405
1537,2.204546702249944
1538,2.7598052336504257
1539,1.505509732528583
1540,4.480891203041126
1541,2.6272609722224294
1542,2.2117716437059523
1543,1.7481058506482814
1544,1.8159740159323654
1545,2.36738343427042
1546,1.6750032281441958
1547,1.0433973897161972
1548,1.9780442912386378
1549,3.5542636560700474
1550,2.2914431639112767
1551,2.056179858073806
1552,1.6019394522504868
1553,1.7832026710373747
1554,1.3984733046032782
1555,2.608828530790066
1556,1.5290401667894202
1557,3.7049612384557786
1558,1.34136579278241
1559,2.0715762308735934
1560,1.6949338672241883
1561,1.8266411717578128
1562,1.5633381774126176
1563,1.5926141294797058
1564,2.1710088250952757
1565,1.4385917715461116
1566,0.9922714904856464
1567,1.7626195605730108
1568,1.247412797993229
1569,1.5467870475649417
1570,1.1843509385339754
1571,1.4959684110570781
1572,1.7635590458008423
1573,1.7371062958472643
1574,2.4598055186539765
1575,4.507184090519934
1576,2.0887531176109113
1577,3.737567623730672
1578,3.064826534621462
1579,1.9358522075951456
1580,2.7499876653473967
1581,1.6372648488703465
1582,1.374588024221414
1583,1.8895669821950318
1584,1.7566769292398865
1585,4.867763204544632
1586,1.7619294389212157
1587,2.7698014800110733
1588,1.7809544203888157
1589,1.8881719983019873
1590,1.655210205547232
1591,1.8238808437951235
1592,3.2876799128931866
1593,2.4174123532315983
1594,1.7044643705578064
1595,2.2983505651237337
1596,1.3797192706753456
1597,1.9505853766345314
1598,2.021395690637534
1599,1.5789725446258445
1600,1.5160366843463915
1601,1.7484963028498623
1602,2.0180356676975295
1603,1.1963035955000212
1604,1.240750126663176
1605,2.4730231939343583
1606,3.7788628826850026
1607,2.279843205708712
1608,1.595134629818574
1609,1.7836616151593472
1610,1.5060376492887628
1611,5.295398593677899
1612,2.276252686066412
1613,3.0499900030370073
1614,1.639296047997596
1615,1.894524148179838
1616,2.4375217770966433
1617,2.028912006555798
1618,3.361965883518742
1619,1.4920445870557062
1620,1.593295544919384
1621,2.212800009602751
1622,1.7882542190751696
1623,1.695973323523459
1624,2.3579223901508604
1625,2.2985039302791037
1626,3.3859273273712627
1627,2.9232619055194817
1628,1.6033761175296968
1629,1.2915305646577906
1630,3.2269429576042556
1631,1.4543088976024552
1632,1.4817281942527973
1633,1.2702323857749507
1634,1.3580598743034247
1635,2.0767448143528418
1636,4.395665237648812
1637,2.2469479861497748
1638,1.8986654816449042
1639,1.595419794188306
1640,7.617935188601352
1641,2.220048394209549
1642,3.020626291171939
1643,1.8081558185984004
1644,4.141613395221919
1645,3.5411553893520735
1646,2.988932373475812
1647,3.437758391779791
1648,3.3734135899902062
1649,1.7347339180216215
1650,1.7509273706406037
1651,2.1618743447532154
1652,1.33574298838757
1653,1.6455174302838271
1654,1.7787927395687508
1655,1.9499982083471747
1656,1.809708304754407
1657,1.8602815966722503
1658,1.345260395386151
1659,2.771742491743766
1660,1.33492756490966
1661,4.672059486648905
1662,1.8337780789658504
1663,1.5637389316526633
1664,1.5526565984879874
1665,1.5139785015687535
1666,1.0954240970253526
1667,2.5272360864602392
1668,5.404009360410077
1669,2.2128630262465934
1670,2.902860960152522
1671,2.1655169355163837
1672,1.703982470137901
1673,1.7520726865594112
1674,13.113961010591053
1675,1.0569703362691483
1676,2.0301379724273185
1677,1.2839757565911685
1678,1.2061146237439098
1679,1.4007617028394201
1680,0.8134300062386326
1681,2.2691301190566393
1682,4.2287685864470355
1683,4.023888446895433
1684,3.308376031849692
1685,1.6159668920536394
1686,2.5326392214246143
1687,1.7112903922768286
1688,1.6708542542494036
1689,2.102910801083715
1690,1.946841258394636
1691,2.309387868326363
1692,1.9501722501189156
1693,4.520452018566469
1694,3.6647265651724714
1695,1.7966799899828012
1696,1.469981603420406
1697,4.697620305653716
1698,2.162039055557016
1699,3.3783394874367207
1700,1.3852104306178326
1701,1.9140767677191244
1702,1.2435023766492377
1703,1.2049774147719738
1704,1.3943723590386163
1705,2.1304000002328363
1706,1.274140090596011
1707,4.333630143938952
1708,1.3441460136482304
1709,1.9226827095733163
1710,1.7564568210249287
1711,7.142739073956156
1712,1.7198531845375582
1713,1.6503925869348781
1714,1.7175407965467686
1715,1.6627516834221796
1716,2.2995305483403707
1717,1.4849737049745197
1718,3.221684633918771
1719,2.1188011480391946
1720,2.3603697592882487
1721,2.7138659450653337
1722,2.183746965889174
1723,1.6398336134442681
1724,2.321880906780587
1725,1.79108321605118
1726,1.9914546030367064
1727,2.3526587473963745
1728,1.8736305334352399
1729,1.6042856437396416
1730,1.4421800826704245
1731,1.1887727991667207
1732,1.4407931269493333
1733,1.3874904667680783
1734,1.8835189492636184
1735,1.5758691972210428
1736,1.8787283452664867
1737,1.8000727615999037
1738,2.141290007975532
1739,4.637799891668704
1740,4.987203567343466
1741,3.2212615520682237
1742,1.4687200468223174
1743,2.2967551853647143
1744,2.357589327827178
1745,1.4838915772978543
1746,1.5515804758927054
1747,1.857268386635369
1748,1.6112217776302586
1749,2.860837724384228
1750,1.4852276393644703
1751,2.51215575383475
1752,3.0354512021494067
1753,0.974961047780917
1754,1.5487350675515121
1755,1.4843766245754988
1756,1.988617310102407
1757,1.736457150198068
1758,3.456525728622169
1759,1.219966938015969
1760,1.688818863840537
1761,1.632916056142342
1762,2.4312110811091268
1763,5.094906485597546
1764,3.7031188709281393
1765,1.5182526154192737
1766,1.967146179505776
1767,2.509971485247871
1768,1.9386010861010727
1769,1.2741561657921086
1770,1.6406363901743068
1771,1.7870362714904728
1772,4.029082196900792
1773,1.3838495721076336
1774,1.8847914205109282
1775,1.6877573265170993
1776,1.4160559374936696
1777,2.0696980006428105
1778,1.8197091911739978
1779,2.279923231170427
1780,2.8862564532530026
1781,1.9034046097844055
1782,1.7540136231954402
1783,1.925857691967214
1784,1.2751078511846285
1785,1.5390741620949362
1786,0.7914306125066697
1787,1.7216536385951269
1788,1.8794833514199905
1789,4.169183366586383
1790,6.373959407242525
1791,1.5709805498397904
1792,2.032899020799337
1793,2.7453436577752965
1794,1.7393209255171005
1795,2.422606680334872
1796,2.295116698233743
1797,1.2588378994317222
1798,1.823196943711079
1799,1.317247361744399
1800,1.594476462539411
1801,1.9595823058188944
1802,3.260997836843435
1803,1.5113103482717207
1804,2.1372843278782008
1805,1.73964286658194
1806,2.8523947243796797
1807,1.906431229515018
1808,1.3062792358395117
1809,9.266873191148045
1810,2.3483786592791738
1811,7.871504107127283
1812,2.8223922190021096
1813,1.9897802900714445
1814,3.6463570144050785
1815,1.5646113243670878
1816,1.2933287996066345
1817,1.5674992993336347
1818,1.7020245163168923
1819,1.834531922340921
1820,1.6643584313926825
1821,1.8976336634933393
1822,2.3073282677320552
1823,3.052704952560503
1824,1.4287311017025557
1825,1.649177491064317
1826,1.905462150658654
1827,2.067361374457767
1828,3.2545345315132375
1829,3.805393197841095
1830,1.1104259361116466
1831,1.462527698190081
1832,1.7604825553832217
1833,2.413658193401831
1834,1.6500939722611652
1835,7.98357222715493
1836,2.0939086646408147
1837,1.6296971591239946
1838,3.414584636228689
1839,3.1846746775143155
1840,1.6210400325809629
1841,1.5237753914655185
1842,1.7960672524174264
1843,2.376658011750561
1844,1.5904785891507234
1845,2.159640496309511
1846,2.3498407695276233
1847,3.7570050859264725
1848,2.041406242447271
1849,1.2082679842886452
1850,2.112524931404503
1851,4.3950707527588415
1852,1.8306920691807271
1853,3.2108079718623106
1854,2.2158970330840817
1855,1.8089113954687779
1856,2.45986272703158
1857,2.456354606656054
1858,2.15595881539652
1859,1.546245431429842
1860,2.282408587585185
1861,2.1802346555583267
1862,1.4012465197927821
1863,4.876074942875292
1864,1.8049043949844663
1865,0.9977481540422082
1866,2.060143869633948
1867,3.914060315917834
1868,2.149836154308569
1869,3.568040219996141
1870,1.5677649143423218
1871,2.486545759274435
1872,2.8433707931738326
1873,3.0157789575123912
1874,1.7596640294803083
1875,1.5599244431999197
1876,1.527666624049808
1877,1.60602508230935
1878,1.513645497882705
1879,2.411148822231804
1880,3.6454182469911918
1881,1.4614094790395729
1882,2.514711859987031
1883,1.7736687453837388
1884,2.7532873035854184
1885,1.258507778871852
1886,2.9731173792270864
1887,1.6449791231950361
1888,2.326933187409737
1889,4.3658592824875315
1890,3.1941756979024674
1891,2.6018097734028975
1892,2.8503130085055877
1893,1.6926151073524358
1894,1.6442683891363559
1895,2.891127826660794
1896,2.793615761345828
1897,2.0364526766649083
1898,4.290618008955747
1899,2.3977398694065055
1900,1.3662515302759761
1901,3.150813720537956
1902,1.7210923492323493
1903,2.2107457918972084
1904,4.382307568568399
1905,2.158634054643133
1906,3.8156591928101555
1907,1.3812833852983053
1908,1.9902423147364796
1909,3.6730143216434548
1910,3.3905866496371937
1911,2.388772285576936
1912,3.0147487931384274
1913,2.5325152839988774
1914,2.119176817862114
1915,1.315429184730913
1916,2.2840893423743305
1917,1.2091719197123802
1918,2.071059133581385
1919,2.2392339315041943
1920,2.9547494393967773
1921,1.5978683548826513
1922,1.5341182157193607
1923,1.8521651285175453
1924,1.6139606320291877
1925,6.6235932122610635
1926,2.7272413576617143
1927,1.8870364036271212
1928,3.3434284430176695
1929,1.6031971525029385
1930,1.5518877953740853
1931,3.8200518884812498
1932,2.427836817752001
1933,2.6455853704179395
1934,1.0057098687107602
1935,1.8207297030305154
1936,1.2279922422341187
1937,2.2592726594947727
1938,1.3279899643074338
1939,1.2477398977040925
1940,2.2397730888854266
1941,1.7827035910500137
1942,3.435431613829884
1943,2.144111709024576
1944,8.783992367133461
1945,3.8900524447361673
1946,1.9829893221820982
1947,2.1560882876033443
1948,1.4347982032778006
1949,2.1661278059827573
1950,3.04524619096665
1951,1.306488281875827
1952,1.6659995115443214
1953,2.4179869551595887
1954,1.4362508993896193
1955,3.0738218487558466
1956,1.2711534735612988
1957,2.251829559985363
1958,11.661581956736278
1959,5.26751593865621
1960,4.059808884190151
1961,12.74908974984463
1962,2.127069575826307
1963,1.5108132193157142
1964,1.5253707192604105
1965,1.5527567119347923
1966,1.6583904203856497
1967,1.6207257431260205
1968,3.1346375663225263
1969,3.2737274716619416
1970,2.2863246699017044
1971,1.3781547987365883
1972,1.320590427081487
1973,1.7560861022432412
1974,1.6587907211155863
1975,6.709849659808045
1976,2.524341121003397
1977,1.8244112596482185
1978,1.8310464596234401
1979,1.5284415364565354
1980,1.97022563812702
1981,2.472921038022725
1982,1.7402645429378196
1983,11.057268567516624
1984,1.1849064219926913
1985,2.844799638649426
1986,2.446299439367997
1987,4.4468448607695255
1988,2.242753538362984
1989,2.340512635374949
1990,3.9869980007448325
1991,2.3334411669855353
1992,2.5546830606336477
1993,1.5263830729826555
1994,4.606965716558409
1995,1.5785733061761191
1996,3.66270463422919
1997,2.2414879079737924
1998,1.7675954266157035
1999,7.322834404970591
2000,1.727904371771075
2001,1.4300067990226122
2002,1.1818360558952654
2003,1.5018383630862209
2004,2.192000932917597
2005,1.781870655791124
2006,1.8850616980736479
2007,3.064501019122911
2008,2.780124681417486
2009,1.3218555237566594
2010,3.0830481965549894
2011,2.0086944271758225
2012,1.9365507220096585
2013,2.03661435644651
2014,2.044143070136106
2015,1.8314935330564728
2016,2.5972457886688303
2017,3.5461749251941646
2018,1.4025760281515889
2019,2.340882693309526
2020,1.247452536252517
2021,1.7324419027872318
2022,2.921220816415749
2023,1.8539213662811498
2024,1.6998009228250375
2025,1.7297468497936435
2026,2.333342123932408
2027,1.6790164089416433
2028,2.25266592757317
2029,1.4188782084895277
2030,1.7038514424632256
2031,5.004856814859028
2032,1.5818925171952252
2033,1.3277457720419266
2034,1.5905837697490683
2035,1.7528578991963868
2036,5.147234955871637
2037,2.10620296088571
2038,2.8832829924483145
2039,3.4912913098524334
2040,1.8976414406210698
2041,1.9454335101188343
2042,2.0707218660042743
2043,1.1160901068381288
2044,3.1858473673984595
2045,2.2388099832530264
2046,1.969677353270923
2047,1.4142204240092402
2048,3.686296404324248
2049,1.9178934737296869
2050,1.4850355217412985
2051,1.5572492064346366
2052,2.095910070044596
2053,1.7831100576344436
2054,2.2223752099234098
2055,2.1911400855736654
2056,2.6870479640908265
2057,1.5751425780528716
2058,5.625586304644713
2059,7.929745369159523
2060,1.7076027878656945
2061,1.7300597983447206
2062,2.701947803503545
2063,3.2540851860400206
2064,4.00736921308541
2065,2.252801339705196
2066,3.5212761947321383
2067,1.6189026139080036
2068,1.545324498726631
2069,2.7084064430182138
2070,2.078022662845406
2071,1.9706197374998942
2072,1.5650662202262833
2073,1.1658787969954993
2074,0.7882359601037585
2075,1.5924174123537713
2076,1.7176901603904315
2077,2.7400325790639686
2078,3.28059093271013
2079,0.9117931702028548
2080,3.8975368290287067
2081,3.078238908656577
2082,1.7311082165850205
2083,5.296479355413227
2084,1.7731345227810602
2085,4.059726901158678
2086,3.006526831331445
2087,1.6388949394801329
2088,1.7596528853965738
2089,1.3321618245372544
2090,2.2574718225511794
2091,2.6434496152916416
2092,15.534883137466188
2093,3.4354387313933348
2094,1.3352022116679902
2095,3.2443446663023385
2096,1.874041479227395
2097,3.477109132120451
2098,2.4228891702973687
2099,2.0573474779527956
2100,3.953784603657713
2101,4.650115620548982
2102,2.212406748249225
2103,2.2667328754835303
2104,1.5492232584666226
2105,1.9815407972945938
2106,2.0464018062575704
2107,2.1216924112374134
2108,3.389052552417767
2109,2.4493718845326864
2110,3.384301601286581
2111,1.3506988095270271
2112,2.004562044648474
2113,1.743951779272178
2114,3.1596596386441687
2115,3.8197901784952935
2116,4.66558383926327
2117,1.3515935851290226
2118,2.456618719411484
2119,2.854635086497613
2120,2.9721954015326566
2121,0.629314958104874
2122,1.5858909325618253
2123,1.6449123996765376
2124,2.384786276261872
2125,2.7081500413409465
2126,3.3146194179441486
2127,2.2650696999270568
2128,2.892156486493592
2129,1.7713187128284058
2130,2.1903534009110097
2131,1.855392824092457
2132,2.747796019495805
2133,3.230323833823279
2134,1.7745941641909477
2135,1.661391880182961
2136,4.340059915282337
2137,1.2681936107550213
2138,3.2118210650350667
2139,1.2964635858466218
2140,1.4851671600688483
2141,3.673681157167558
2142,2.2208553577713035
2143,1.5746869726178607
2144,1.903935908890328
2145,1.5837192119470733
2146,1.7867188224592776
2147,2.0583165526354774
2148,2.312944139342249
2149,2.2658555488369845
2150,2.143123848582624
2151,5.05888670810056
2152,3.066900527536329
2153,1.4605875577496172
2154,1.7720590273359453
2155,1.5541915658773917
2156,1.6323418943865122
2157,2.1231296341364008
2158,1.2489456403229542
2159,3.0333124478004434
2160,2.333964284931557
2161,1.5968302774015863
2162,1.9737142553850882
2163,1.6970558373649758
2164,2.409296235089624
2165,2.350356271367181
2166,2.867894584041774
2167,1.6061097961556516
2168,2.0501558360079857
2169,2.3334410045714216
2170,1.6086380495422787
2171,1.7073954174330024
2172,1.3878116333393025
2173,1.4593681686978763
2174,2.1055486316641203
2175,3.895778593610591
2176,1.6913962193647387
2177,2.5324126823699267
2178,1.872246084944976
2179,2.874524325147234
2180,2.0958010550307025
2181,1.2515679094128511
2182,2.8029269015025267
2183,2.9923005254986013
2184,2.664066901938905
2185,2.3243012037100454
2186,1.892863533306215
2187,2.687996325082275
2188,1.271270232490767
2189,3.8714811074701414
2190,1.6287404188890777
2191,2.2014183194207155
2192,1.6376906643398121
2193,0.9643662882547532
2194,12.47599839846682
2195,1.4304410157394316
2196,3.2768552759667715
2197,4.646383777061027
2198,1.7309379820585467
2199,3.7539121202662615
2200,2.7756847895911974
2201,2.2988288870967675
2202,1.5799486756013372
2203,2.2005607318408673
2204,1.827574591957277
2205,2.391287783838399
2206,1.7461283233618898
2207,10.018966625588972
2208,1.4709823972139306
2209,10.202813112150714
2210,2.2011165390897274
2211,2.5230391947675495
2212,5.534604478156936
2213,1.6007347905438216
2214,1.3806896346011623
2215,1.5958695409492742
2216,3.4011963721280933
2217,2.0936249964075335
2218,3.0017314132495145
2219,1.9864545857138718
2220,5.114023780484539
2221,1.7179883404044478
2222,1.598829798989681
2223,2.0576182461232877
2224,6.440447337970566
2225,3.261726695628298
2226,2.152325849008386
2227,1.8543041883017968
2228,1.502485306985289
2229,5.3608830140755614
2230,2.3492311943000246
2231,3.8230108937844998
2232,1.3653620515146234
2233,2.6021582315254252
2234,1.4495755260050707
2235,2.839650301095384
2236,7.43840273965489
2237,5.31274466002542
2238,1.4301925693798636
2239,1.9770545899661172
2240,2.6654356584166496
2241,4.103782748881946
2242,2.4784600798927796
2243,2.5772625222505354
2244,1.2231629620759736
2245,1.7050504490380807
2246,2.369949999473209
2247,2.0526384885122604
2248,2.7426162923546857
2249,1.517273949507247
2250,4.583920135634024
2251,2.1617762177010453
2252,1.9317141658696912
2253,1.92161027297082
2254,1.8311587319851765
2255,1.9806316187002975
2256,11.568469658946578
2257,1.639312040088885
2258,2.131318633072887
2259,1.9425239301926553
2260,1.6713794706948306
2261,4.7400545560166645
2262,1.5678479227083533
2263,2.1523646711191398
2264,9.626907596410566
2265,1.3548349671613857
2266,1.9251631892399133
2267,3.1946473072908326
2268,0.9993883944765007
2269,1.8004779649908076
2270,3.0665149168845214
2271,1.6634446411454973
2272,2.0804570582867523
2273,1.5029834098735488
2274,1.3210506668558613
2275,1.6497346267767565
2276,1.400246635109996
2277,1.8489808997268757
2278,1.6788101854277344
2279,1.80709455554774
2280,1.5324923280700125
2281,1.516814488681116
2282,1.601933042400463
2283,2.8185142734909103
2284,2.426858823870064
2285,4.828218878666599
2286,1.8333273912996266
2287,1.4515190138058518
2288,1.2116000979085062
2289,1.582001305326743
2290,9.22633529303799
2291,1.6314169847779834
2292,2.1935135604758567
2293,7.346208099527907
2294,1.5873910400848719
2295,1.4439512250540987
2296,3.530859642397848
2297,1.319965387867058
2298,1.7193538327724245
2299,2.621286080757334
2300,2.0333159862913397
2301,2.169980940169469
2302,1.3657180314410882
2303,3.694878972856017
2304,2.7908691006842274
2305,1.209987802557498
2306,1.3634946551366987
2307,1.5999620673364348
2308,2.6168181237466466
2309,7.396156238536133
2310,4.011774126798595
2311,1.2892684180131753
2312,1.3607254868005
2313,1.6082688205838207
2314,1.2671246027434335
2315,1.5627299662580967
2316,5.773456778419063
2317,2.7219783477701194
2318,1.27731842890416
2319,1.5190871560633243
2320,1.5458999400944462
2321,1.664735657214084
2322,1.7289892736225023
2323,2.0896541545103915
2324,2.243812274750228
2325,1.8913430322732911
2326,1.536092488123281
2327,1.2390682161151636
2328,2.685534310603096
2329,1.6868053878927967
2330,1.5004136934409416
2331,2.835933894322574
2332,5.818665818672313
2333,3.780072058461596
2334,3.245405354402563
2335,3.584434838151144
2336,2.315391286924051
2337,1.6358262403667685
2338,1.9779869102343586
2339,1.2849207797365008
2340,2.0565241097055527
2341,1.4212237738190467
2342,2.599415081531474
2343,1.984906512800074
2344,2.1485992058483663
2345,1.4742358785361243
2346,2.3167488108569017
2347,2.1120793985172415
2348,2.40334978656364
2349,2.1335222488163725
2350,1.2017853681136919
2351,3.2371980013712705
2352,1.8687628487111543
2353,1.8508180547011177
2354,2.0051170208729028
2355,2.1620887627965315
2356,5.0597651665925625
2357,2.076326189695097
2358,2.736797522477092
2359,2.515459406297329
2360,2.098330379221658
2361,1.4422253229229167
2362,2.222476105901132
2363,0.9735907348471444
2364,3.7304049252767215
2365,1.8957220095605996
2366,1.7664082873011888
2367,1.634598272830619
2368,2.3527697865900645
2369,3.863747524022658
2370,3.5053506655990105
2371,1.3219583225622848
2372,3.516318036027015
2373,1.4926412685264405
2374,1.8221710780101863
2375,1.9442522087925147
2376,1.5462355880144567
2377,2.1202941323267877
2378,2.0069460691683965
2379,3.643183011708847
2380,3.124199702169825
2381,1.524339205996151
2382,2.0152778950180483
2383,1.4526816193805234
2384,1.4594913254103847
2385,1.8519858259552655
2386,2.019070403298689
2387,2.6546145413600506
2388,2.2660134141577153
2389,1.7358355534883287
2390,5.78719279766906
2391,3.16970443381235
2392,1.7257855164849492
2393,1.884164524072745
2394,6.452601526630981
2395,2.4227585911600897
2396,1.7999382467563207
2397,1.6464709270933486
2398,4.012306684967324
2399,1.4316059169124142
2400,14.765847073225762
2401,2.337491087742727
2402,2.7352849716628413
2403,3.014224904893375
2404,1.351238174635578
2405,1.9821621521944197
2406,1.443528627274776
2407,2.1106751097393754
2408,1.438239477312767
2409,4.203907011318378
2410,2.0662759039754195
2411,1.2887405723469263
2412,1.6458160276008704
2413,1.5848907754858228
2414,3.992195185865979
2415,3.3411029382294424
2416,2.904596044780736
2417,5.185426865751925
2418,1.7912837673331876
2419,2.820258885556153
2420,1.8095096435944529
2421,1.9054691753023376
2422,1.4299983321753904
2423,2.4926121631443143
2424,2.0584265821858505
2425,2.2571761196566693
2426,1.6015581768826679
2427,2.091192693460248
2428,1.2671229712319931
2429,1.9496792986445173
2430,1.5874009562592215
2431,1.5407220909138135
2432,1.4742561969719916
2433,1.6259854753903396
2434,3.6081866223262242
2435,1.4217684509386057
2436,2.7945398585803485
2437,1.5312979870550814
2438,2.245957352103868
2439,6.450182624164054
2440,1.4998909780270369
2441,2.0744877703681692
2442,1.4417340988131897
2443,1.1478486447275214
2444,2.1328824529339463
2445,4.160853465700809
2446,1.962411943555055
2447,2.376024262111153
2448,18.25672725106162
2449,2.371919782289675
2450,2.0065094048769883
2451,5.111113014768762
2452,3.1342462049818174
2453,1.1677251767168717
2454,2.191462647251513
2455,2.156119370357697
2456,1.4259105555734397
2457,1.4650970783044999
2458,1.3256206727565905
2459,2.9496368800510178
2460,1.9896075705062726
2461,2.797636880433584
2462,1.8608635587755458
2463,1.5245240313757404
2464,3.6815660108174546
2465,1.345100076661853
2466,2.66526094757483
2467,1.8379462649472795
2468,1.2570865714243165
2469,2.300315823939531
2470,3.3825504206222314
2471,3.7238195428836476
2472,2.4899754951267226
2473,1.530726277728937
2474,1.7357410119151386
2475,1.4725090023816858
2476,1.2508549374833013
2477,1.5909811719194564
2478,1.4969783347630798
2479,1.5087445832946886
2480,1.6555320680167913
2481,1.728134249519647
2482,2.414947823495903
2483,11.984511837952573
2484,1.9346993589644264
2485,1.525003456707183
2486,1.6508293520788273
2487,1.7460263610074382
2488,1.7987542232858573
2489,1.8911465292814527
2490,3.5376314509539726
2491,1.5644038725796408
2492,1.7421462696171133
2493,1.5789280915538624
2494,1.4815484673686157
2495,2.1458525292283293
2496,2.346798054283106
2497,1.5926579792491373
2498,1.6620609350492925
2499,0.9570784708374807
2500,1.792384107035737
2501,1.588153127180986
2502,1.8132514820386039
2503,1.550751283833977
2504,1.664478381656183
2505,1.625267506952312
2506,1.7220705291594869
2507,8.886030116895142
2508,1.732883825929781
2509,1.5994513434107123
2510,1.8657469624822742
2511,1.9968951680305174
2512,2.1565778042156434
2513,2.0690790063318807
2514,1.5657630590434855
2515,3.5606547260347643
2516,3.158646967524544
2517,1.4074413739714426
2518,1.5444772273668055
2519,4.604470176064633
2520,1.505563286663945
2521,1.4454176984397005
2522,1.9779306337189948
2523,1.51399290944402
2524,1.258842762766701
2525,1.9787700016665606
2526,1.5892479334789207
2527,1.2552033921988113
2528,2.2198032430475454
2529,2.1512672964183737
2530,2.2200749598531178
2531,1.5881929108077713
2532,1.5193735698812627
2533,1.63392164836698
2534,1.7467552460453035
2535,1.7390834133236648
2536,3.816479557829134
2537,1.3411144034176268
2538,2.571668614727507
2539,2.773250219229169
2540,1.8079591457090607
2541,1.6057313802155453
2542,1.326281694396195
2543,3.3530117460054134
2544,2.893938562251549
2545,1.4951539739395077
2546,2.121864282077614
2547,2.9263977546653592
2548,2.5391615027390486
2549,1.902768710336229
2550,1.9663327609476364
2551,2.3298004630378912
2552,1.5818572856361612
2553,2.7868995746064216
2554,2.088440438510782
2555,3.768324990782712
2556,1.7326143991333296
2557,2.954984772696324
2558,5.017354589261609
2559,4.058173760562425
2560,3.803612352292662
2561,1.7480457455125447
2562,1.5273676357358037
2563,2.4343918979916426
2564,2.1060510657091926
2565,1.2968061715706292
2566,1.3996827952165944
2567,1.780027098811826
2568,2.2420026245944875
2569,1.9759932528401727
2570,1.2755525396663692
2571,2.2118757242203197
2572,2.6215250272713657
2573,2.551834690215527
2574,2.015775101316981
2575,2.075515396241875
2576,1.9759257491456155
2577,1.7179305901482786
2578,1.628897189627369
2579,1.8809456450065725
2580,2.293064990060436
2581,2.2246039842666923
2582,2.1986170390833077
2583,1.8210650479872037
2584,1.73172480697347
2585,1.3211638685364246
2586,2.0363750091234496
2587,2.9942701626606607
2588,2.354110972335948
2589,1.5178996051110802
2590,1.6229364263086734
2591,2.112131901764732
2592,2.007779488267828
2593,2.064699099142178
2594,1.437902436829079
2595,1.7765037068951366
2596,1.9067799507460998
2597,1.9923465240493914
2598,1.458384098440088
2599,2.178120906720264
2600,3.430953954720322
2601,4.39302332429136
2602,1.7267083676137425
2603,1.6312034957683366
2604,4.247798529105996
2605,3.321174662256172
2606,2.143602650047359
2607,2.227981936607179
2608,2.031851924382743
2609,2.3311481132506757
2610,4.529514371858064
2611,1.3290224535279933
2612,4.063835944087022
2613,3.4146129069062816
2614,1.1523800225864043
2615,2.0180220962916224
2616,1.8673949483654326
2617,1.4894222353847457
2618,1.833843482219765
2619,1.9261755866097507
2620,3.241275551481503
2621,2.1692347994834664
2622,1.6972904752504352
2623,3.062237958708593
2624,10.111840824625586
2625,2.3021150942924224
2626,1.8904448511825027
2627,2.137300856204071
2628,4.793527512550526
2629,3.8069644623581853
2630,2.681997210791834
2631,2.1007933229642712
2632,6.319133788720453
2633,4.237758626849763
2634,1.610012076637836
2635,1.4217966131195376
2636,2.0217945257570316
2637,3.6860458520082804
2638,1.9958657363913177
2639,1.6330997246355554
2640,6.280698931279706
2641,1.6260580194711567
2642,1.6492099504010862
2643,3.221202664150914
2644,1.452850355172809
2645,2.8545708563486816
2646,1.8975861130109526
2647,2.84481328064605
2648,1.8361133782102417
2649,2.4194196963537533
2650,2.5533715916997393
2651,1.0366423022041795
2652,2.1610675922228215
2653,4.7691312914380415
2654,1.49322511990385
2655,1.3781441168009214
2656,2.197918126380162
2657,1.413866680934821
2658,3.1306962788991792
2659,1.1933290350779326
2660,2.3151698183280485
2661,1.2738837390541096
2662,5.384468224540898
2663,4.340123534968664
2664,1.1060159194796895
2665,1.7673829270002928
2666,1.6491700881521691
2667,3.046913468152554
2668,0.9189576442144736
2669,4.397850243316243
2670,2.4877442771076126
2671,1.7424009781072782
2672,1.1946304064938997
2673,4.881788629108094
2674,1.3422254046667677
2675,1.5044935761810483
2676,2.0599660498980743
2677,1.39813741416287
2678,2.30646905838242
2679,2.0844129704125276
2680,0.9826921975257141
2681,1.8844211964097353
2682,3.6490185131505672
2683,2.3519158305487586
2684,3.287339384535527
2685,2.0190380848047913
2686,3.30923611645019
2687,5.589226216436344
2688,1.193404648384674
2689,1.435587776416315
2690,2.613268391635963
2691,2.2698804857475587
2692,1.8811496521518014
2693,3.209249965677639
2694,1.7416859154084787
2695,3.059090682831634
2696,1.3954547498743217
2697,1.3948711659101685
2698,3.65155818244103
2699,2.005291824918042
2700,1.7672457430495272
2701,2.3880167541236936
2702,1.7473143764194374
2703,1.362861785463854
2704,3.2567446291703392
2705,2.378714795332335
2706,1.6480218614765174
2707,1.6383330381581458
2708,4.918310673281075
2709,2.8622429001100187
2710,1.6468491375538599
2711,1.3137399232160494
2712,1.9000976764331183
2713,2.003901567012127
2714,2.111813409615616
2715,2.363399897390821
2716,1.5112394707005616
2717,1.6448189610922528
2718,2.2574229066788694
2719,2.6926454264550235
2720,1.821047227449943
2721,2.678794014365173
2722,2.351552357201416
2723,3.1311953295298327
2724,2.061688850294015
2725,1.9878292487308094
2726,4.233469986289935
2727,1.6872672515607432
2728,3.314532967247838
2729,1.6258808455842826
2730,2.5277994129473313
2731,1.0602648687129246
2732,1.8862908494874193
2733,1.6784422988157395
2734,3.1520064534090757
2735,3.660749445274072
2736,1.2138298004082735
2737,1.4747632658927818
2738,7.7735379287308
2739,2.1657758890712486
2740,2.713977150151308
2741,1.3229237923776522
2742,1.5206273914347779
2743,3.1918761048192725
2744,2.513140120407342
2745,4.608145842954021
2746,1.377882351381949
2747,1.7080492775261669
2748,2.1785231319124945
2749,1.592071906455527
2750,3.896460899688456
2751,6.886530102345938
2752,1.7901403510697802
2753,2.4219411369816903
2754,4.607162450964646
2755,3.0212750515188054
2756,1.4947587922386254
2757,1.3135871070593423
2758,2.3203485825294754
2759,1.8713440041907996
2760,1.6763679163590863
2761,3.7671203660832697
2762,2.1236672369181777
2763,1.8384063244108892
2764,0.7055720812622763
2765,1.8378238997110476
2766,1.2208063046438036
2767,0.9465879565764623
2768,1.8333545654845058
2769,1.1074029635687561
2770,1.9326815061896687
2771,1.9796451045054742
2772,1.435529076317
2773,1.9180615505289604
2774,3.1051788375435807
2775,1.9270054010496305
2776,1.7395199562616948
2777,1.632752339529098
2778,2.663651583433779
2779,1.7682726656807646
2780,1.7785740488752255
2781,1.6922773157335769
2782,4.480349921353168
2783,1.4968012376393636
2784,1.9966025287090026
2785,2.5629602220529986
2786,2.5464473243247805
2787,1.9112246714553813
2788,1.5468160960769197
2789,1.6711441955340924
2790,1.5247949550096311
2791,2.563829459235701
2792,1.9910550021769586
2793,1.5480242214927407
2794,2.458277392077929
2795,1.7512185945793117
2796,2.625262028905026
2797,1.832505620812504
2798,1.406068875039165
2799,2.1666186911811045
2800,1.067637742486711
2801,3.1107036691377834
2802,3.00769623462264
2803,2.1778503567323355
2804,11.777651061139917
2805,2.775354309802087
2806,2.0600849638438734
2807,1.1232579741846094
2808,6.269426630988329
2809,2.3163493742125807
2810,2.830136772266958
2811,1.2361746833014848
2812,1.489899434349938
2813,2.082570533093876
2814,3.1690477773818424
2815,1.3082334327065053
2816,2.2125790320467353
2817,1.4618138113711465
2818,3.2452268811370844
2819,2.11154885088666
2820,1.437556762106329
2821,2.210487462491547
2822,1.5317881492122978
2823,5.053991430389712
2824,2.2437008052437735
2825,1.2879808124959207
2826,2.0528263869549477
2827,1.2940340836143815
2828,1.7479659150014877
2829,1.8143890754218819
2830,1.8532134877030084
2831,2.3539941396144175
2832,1.659940524957123
2833,2.237862190749035
2834,1.9893105963661843
2835,1.6811207762688
2836,1.6727423164031952
2837,2.63069778642676
2838,2.16496299224497
2839,3.6529565479645765
2840,2.400554453462378
2841,2.783730289406409
2842,3.0545623269231474
2843,1.6766299711683597
2844,1.9084425187094451
2845,1.3317060509106111
2846,1.4584988070465745
2847,1.6023578997914785
2848,1.7329084468816047
2849,1.9646645794102007
2850,1.58694077645625
2851,1.5431630410445254
2852,1.816682315239803
2853,8.820651926461009
2854,2.7358603154912795
2855,2.4463566144292903
2856,3.6901261332878104
2857,1.9286370105038915
2858,3.286257571028529
2859,3.085155960192584
2860,1.9178420751692324
2861,1.4569057963480163
2862,2.8032646531596095
2863,1.0565543973871256
2864,2.4292655117390414
2865,2.594324484165229
2866,1.2288311968542933
2867,2.356233781057916
2868,2.964695699715311
2869,7.02184538570199
2870,6.055744069846807
2871,2.1594546635676695
2872,2.731517309824844
2873,1.8942697377718711
2874,1.850497201442988
2875,1.1342353848765045
2876,2.5473398429767986
2877,2.552082487410707
2878,1.2100629745334919
2879,1.791711834492229
2880,2.821210506806117
2881,2.084943444906021
2882,1.4535874260814423
2883,6.206109693579677
2884,2.4334613893525665
2885,1.712965881731079
2886,3.470314886217128
2887,2.6703666765623435
2888,4.437953605977211
2889,1.271501347090783
2890,2.6011632517033845
2891,1.41894877607825
2892,1.5130431079285611
2893,1.5391998446876543
2894,1.7741350818830288
2895,2.03123790632781
2896,1.679104718366764
2897,1.6970729229660275
2898,3.3882353325031467
2899,1.6352125811262546
2900,2.1927262318012612
2901,1.7128868787830052
2902,2.0019135245256745
2903,1.4219328508868263
2904,3.2841277801842774
2905,1.9171075894073843
2906,3.4857626056117046
2907,1.1933071721810289
2908,1.8166893671625524
2909,1.8226319992463789
2910,1.644361887567649
2911,2.1504993652183204
2912,1.9845608016928926
2913,1.6099663853534
2914,2.1137088130766584
2915,1.4182189657874997
2916,1.4979604790365157
2917,2.1334250501551666
2918,2.8281844599979267
2919,1.9565778600841974
2920,1.8594852812815978
2921,1.0844644206773113
2922,1.601463054804526
2923,2.0664022576615078
2924,3.422352869032158
2925,1.8773622529114053
2926,1.8635960886295775
2927,2.307770882799291
